epoch,avg_train_loss
0,13.123912444933922
1,11.081635462555067
2,10.538105726872248
